category,total_sales,avg_sales_per_order,num_orders
Technology,827455.873,456.40147435190295,1813
Furniture,728658.5757,350.6537900384986,2078
Office Supplies,705422.334,119.38100084616687,5909
