segment,total_sales,avg_sales
Consumer,1148060.531,225.06577749460888
Corporate,688494.0748000001,233.15071953945142
Home Office,424982.1769,243.40330864833908
