postal_code,num_orders,total_sales,avg_sales
10024.0,225,78534.044,349.04019555555556
10035.0,253,75151.829,297.0428023715415
10009.0,220,53225.076,241.93216363636364
94122.0,195,49114.375,251.86858974358975
10011.0,193,45551.598,236.01864248704663
98105.0,165,41838.008,253.56368484848485
98115.0,112,41160.907999999996,367.5081071428571
19134.0,160,39390.293,246.18933124999998
32216.0,75,39133.328,521.7777066666666
90049.0,150,37889.924,252.59949333333333
